id,gt0,gt1,gt2,gt3,gt0_norm,gt1_norm,gt2_norm,gt3_norm,gt0_rs,gt0_pe0,gt0_pe1,gt0_pe2,gt0_pe3,gt0_pe4,gt3_pe0,gt3_pe1,gt3_pe2,gt3_pe3,gt3_pe4
  0, 0.965, 1.002, 1.019, 0.789,0.267,0.267,0.267,0.267,0.318, 0.512, 0.700, 0.889, 1.075, 1.256,-0.174, 0.407, 0.986, 1.480, 1.853
  1,-0.512,-0.421,-0.338,-0.571,0.000,0.049,0.085,0.000,0.000,-1.049,-1.026,-0.998,-0.965,-0.927,-1.060,-0.991,-0.867,-0.711,-0.555
  2,-0.512,-0.501,-0.489,-0.571,0.000,0.121,0.187,0.000,0.000, 0.158, 0.092, 0.025,-0.043,-0.111, 0.129,-0.085,-0.301,-0.488,-0.635
  3,-0.471,-0.380,-0.321,-0.533,0.024,0.096,0.135,0.024,0.009,-0.021,-0.025,-0.029,-0.033,-0.037,-0.159,-0.180,-0.192,-0.194,-0.191
  4,-0.512,-0.497,-0.483, 0.143,0.000,0.065,0.101,1.000,0.000,-0.064,-0.114,-0.163,-0.213,-0.261, 0.779, 0.654, 0.491, 0.316, 0.152
  5,-0.512,-0.462,-0.424,-0.571,0.000,0.046,0.072,0.000,0.000,-0.666,-0.672,-0.674,-0.673,-0.669,-0.683,-0.704,-0.688,-0.641,-0.580
  6, 2.497, 2.286, 2.154, 3.818,0.631,0.566,0.531,1.000,0.648, 1.366, 1.528, 1.686, 1.836, 1.978, 3.015, 3.611, 4.037, 4.245, 4.276
  7, 2.047, 2.001, 1.971, 1.784,0.941,0.893,0.869,0.941,0.551, 1.580, 1.645, 1.704, 1.754, 1.796, 0.984, 1.173, 1.306, 1.370, 1.375
  8, 0.316, 0.575, 0.704, 0.877,0.526,0.680,0.752,1.000,0.178, 0.622, 0.620, 0.615, 0.607, 0.595, 1.226, 1.245, 1.200, 1.101, 0.976
  9,-0.512,-0.269,-0.214,-0.109,0.000,0.532,0.655,1.000,0.000, 0.091, 0.031,-0.031,-0.094,-0.156, 0.626, 0.451, 0.248, 0.046,-0.131
 10,-0.442,-0.387,-0.376,-0.343,0.285,0.625,0.718,1.000,0.015, 0.385, 0.316, 0.243, 0.169, 0.094, 0.483, 0.263, 0.022,-0.204,-0.394
 11,-0.512,-0.424,-0.374,-0.571,0.000,0.299,0.450,0.000,0.000, 0.149, 0.084, 0.018,-0.049,-0.117, 0.121,-0.091,-0.305,-0.489,-0.634
 12, 2.380, 2.399, 2.393, 2.090,0.878,0.853,0.837,0.878,0.623, 1.585, 1.677, 1.764, 1.843, 1.912, 0.923, 1.199, 1.421, 1.562, 1.627
 13, 0.891, 1.013, 1.095, 0.720,0.646,0.685,0.713,0.646,0.302, 0.844, 0.874, 0.899, 0.921, 0.938, 0.467, 0.548, 0.603, 0.626, 0.622
 14, 0.302, 0.423, 0.498, 1.126,0.442,0.502,0.538,1.000,0.175, 0.589, 0.600, 0.608, 0.613, 0.614, 1.377, 1.445, 1.440, 1.367, 1.255
 15,-0.178,-0.200,-0.204,-0.264,0.567,0.566,0.574,0.567,0.072, 0.480, 0.428, 0.374, 0.316, 0.258, 0.360, 0.187, 0.000,-0.174,-0.321
 16, 1.012, 1.056, 1.078, 1.285,0.755,0.758,0.760,1.000,0.328, 0.933, 0.956, 0.975, 0.989, 0.999, 1.474, 1.573, 1.593, 1.537, 1.434
 17, 1.251, 1.255, 1.247, 1.052,0.795,0.774,0.761,0.795,0.380, 1.044, 1.079, 1.108, 1.133, 1.152, 0.619, 0.714, 0.774, 0.795, 0.782
 18, 0.165, 0.044, 0.039, 0.052,0.881,0.736,0.734,0.881,0.146, 0.660, 0.620, 0.575, 0.527, 0.477, 0.481, 0.342, 0.181, 0.023,-0.117
 19, 0.297, 0.476, 0.605, 1.145,0.434,0.524,0.585,1.000,0.174, 0.585, 0.596, 0.605, 0.611, 0.613, 1.389, 1.460, 1.458, 1.387, 1.276
 20,-0.512,-0.363,-0.362,-0.353,0.000,0.751,0.808,1.000,0.000, 0.242, 0.171, 0.097, 0.021,-0.054, 0.477, 0.254, 0.012,-0.215,-0.405
 21, 2.074, 2.079, 2.079, 1.809,0.833,0.807,0.794,0.833,0.557, 1.397, 1.478, 1.554, 1.623, 1.684, 0.797, 1.037, 1.232, 1.355, 1.413
 22,-0.178, 0.055, 0.207,-0.264,0.092,0.159,0.199,0.092,0.072,-0.025, 0.064, 0.155, 0.246, 0.336,-0.381,-0.107, 0.180, 0.440, 0.647
 23, 3.222, 3.006, 2.869, 2.865,0.932,0.845,0.799,0.932,0.804, 2.094, 2.228, 2.354, 2.469, 2.572, 1.243, 1.645, 1.973, 2.187, 2.293
 24,-0.140,-0.212,-0.234,-0.178,0.873,0.754,0.727,1.000,0.080, 0.531, 0.472, 0.410, 0.345, 0.278, 0.583, 0.395, 0.181,-0.028,-0.209
 25, 0.738, 0.707, 0.692, 0.580,0.456,0.437,0.428,0.456,0.269, 0.712, 0.768, 0.821, 0.870, 0.915, 0.299, 0.462, 0.606, 0.713, 0.778
 26, 1.196, 1.298, 1.338, 1.001,0.786,0.810,0.817,0.786,0.368, 1.018, 1.050, 1.077, 1.099, 1.116, 0.604, 0.691, 0.744, 0.759, 0.744
 27, 3.288, 3.381, 3.420, 2.926,0.874,0.861,0.854,0.874,0.819, 1.954, 2.103, 2.244, 2.376, 2.495, 1.095, 1.543, 1.926, 2.192, 2.344
 28, 1.421, 1.366, 1.355, 1.207,0.848,0.801,0.786,0.848,0.416, 1.152, 1.191, 1.224, 1.252, 1.273, 0.698, 0.805, 0.873, 0.897, 0.883
 29,-0.512,-0.417,-0.394,-0.341,0.000,0.507,0.646,1.000,0.000, 0.235, 0.163, 0.090, 0.016,-0.059, 0.484, 0.264, 0.024,-0.202,-0.391
 30,-0.512,-0.456,-0.457,-0.571,0.000,0.726,0.831,0.000,0.000, 0.307, 0.230, 0.151, 0.071,-0.010, 0.276, 0.027,-0.231,-0.460,-0.644
 31,-0.104,-0.088,-0.086,-0.196,0.806,0.870,0.885,0.806,0.088, 0.533, 0.478, 0.419, 0.358, 0.295, 0.410, 0.227, 0.027,-0.161,-0.320
 32, 1.427, 1.454, 1.468, 1.213,0.929,0.914,0.908,0.929,0.418, 1.263, 1.293, 1.318, 1.337, 1.349, 0.806, 0.888, 0.926, 0.918, 0.878
 33, 0.031, 0.085, 0.101, 0.087,0.759,0.845,0.870,1.000,0.117, 0.575, 0.531, 0.483, 0.432, 0.380, 0.745, 0.609, 0.437, 0.256, 0.089
 34, 0.217, 0.229, 0.232, 0.210,0.858,0.874,0.876,1.000,0.157, 0.673, 0.636, 0.596, 0.552, 0.505, 0.820, 0.708, 0.556, 0.388, 0.228
 35,-0.512,-0.541,-0.557,-0.571,0.000,0.830,0.841,0.000,0.000, 0.371, 0.290, 0.205, 0.120, 0.033, 0.339, 0.075,-0.201,-0.449,-0.649
 36, 5.000, 5.000, 5.000, 5.000,0.988,0.974,0.966,0.988,1.000, 4.011, 4.280, 4.534, 4.767, 4.977, 2.490, 3.306, 3.976, 4.414, 4.636
 37, 2.410, 2.399, 2.363, 2.164,0.983,0.945,0.918,1.000,0.630, 2.012, 2.094, 2.168, 2.233, 2.286, 2.009, 2.280, 2.442, 2.477, 2.420
 38, 5.000, 5.000, 5.000, 4.854,0.911,0.909,0.909,0.911,1.000, 2.972, 3.236, 3.490, 3.729, 3.949, 1.655, 2.461, 3.164, 3.671, 3.980
 39, 1.475, 1.498, 1.504, 1.667,0.817,0.802,0.793,1.000,0.428, 1.146, 1.192, 1.233, 1.268, 1.297, 1.706, 1.880, 1.961, 1.945, 1.862
 40, 1.415, 1.490, 1.529, 1.202,0.798,0.805,0.809,0.798,0.415, 1.109, 1.154, 1.193, 1.228, 1.256, 0.648, 0.775, 0.865, 0.908, 0.912
 41, 0.459, 0.448, 0.436, 0.360,0.959,0.939,0.923,1.000,0.209, 0.859, 0.832, 0.801, 0.766, 0.727, 0.911, 0.829, 0.700, 0.548, 0.396
 42,-0.469,-0.417,-0.412,-0.402,0.233,0.689,0.786,1.000,0.009, 0.377, 0.305, 0.229, 0.152, 0.074, 0.447, 0.215,-0.035,-0.267,-0.460
 43, 0.502, 0.516, 0.522, 0.670,0.752,0.753,0.752,1.000,0.218, 0.746, 0.734, 0.719, 0.700, 0.677, 1.099, 1.078, 0.999, 0.879, 0.743
 44, 0.820, 0.815, 0.811, 0.655,0.834,0.814,0.804,0.834,0.287, 0.902, 0.905, 0.903, 0.896, 0.885, 0.578, 0.573, 0.539, 0.481, 0.413
 45, 1.520, 1.591, 1.633, 1.299,0.771,0.774,0.778,0.771,0.438, 1.129, 1.185, 1.235, 1.281, 1.319, 0.639, 0.800, 0.924, 0.996, 1.022
 46,-0.512,-0.525,-0.540,-0.571,0.000,0.739,0.761,0.000,0.000, 0.358, 0.278, 0.195, 0.110, 0.025, 0.326, 0.066,-0.207,-0.451,-0.648
 47, 0.497, 0.516, 0.534, 1.247,0.511,0.514,0.519,1.000,0.217, 0.670, 0.688, 0.703, 0.715, 0.723, 1.451, 1.542, 1.556, 1.496, 1.390
 48, 2.444, 2.348, 2.251, 2.149,0.848,0.792,0.753,0.848,0.637, 1.563, 1.665, 1.761, 1.849, 1.928, 0.884, 1.189, 1.441, 1.609, 1.695
 49,-0.512,-0.485,-0.496,-0.571,0.000,0.641,0.682,0.000,0.000, 0.322, 0.244, 0.164, 0.082, 0.000, 0.290, 0.038,-0.224,-0.458,-0.645
 50, 0.155, 0.409, 0.580, 2.332,0.211,0.290,0.339,1.000,0.144, 0.345, 0.416, 0.487, 0.555, 0.621, 2.111, 2.415, 2.603, 2.657, 2.609
 51, 5.000, 5.000, 5.000, 5.000,0.706,0.696,0.690,0.706,1.000, 2.658, 3.051, 3.437, 3.810, 4.164, 1.098, 2.311, 3.442, 4.335, 4.953
 52,-0.371,-0.263,-0.213,-0.441,0.218,0.423,0.509,0.218,0.030, 0.373, 0.323, 0.270, 0.215, 0.160, 0.269, 0.102,-0.076,-0.237,-0.370
 53,-0.512,-0.397,-0.388,-0.363,0.000,0.645,0.740,1.000,0.000, 0.248, 0.176, 0.102, 0.026,-0.050, 0.471, 0.246, 0.002,-0.226,-0.416
 54, 2.455, 2.588, 2.663, 2.160,0.756,0.761,0.766,0.756,0.639, 1.460, 1.583, 1.700, 1.809, 1.910, 0.754, 1.122, 1.444, 1.676, 1.816
 55,-0.512,-0.495,-0.508,-0.505,0.000,0.726,0.755,1.000,0.000, 0.336, 0.257, 0.176, 0.093, 0.009, 0.385, 0.133,-0.134,-0.377,-0.575
 56, 1.215, 1.219, 1.244, 1.807,0.668,0.652,0.653,1.000,0.372, 0.963, 1.014, 1.061, 1.103, 1.140, 1.792, 1.993, 2.097, 2.095, 2.019
 57,-0.426,-0.457,-0.478,-0.492,0.663,0.683,0.638,0.663,0.019, 0.406, 0.331, 0.253, 0.173, 0.092, 0.353, 0.108,-0.149,-0.382,-0.572
 58, 1.972, 1.932, 1.901, 1.715,0.794,0.756,0.735,0.794,0.535, 1.317, 1.399, 1.475, 1.545, 1.607, 0.731, 0.973, 1.172, 1.303, 1.368
 59, 3.972, 4.221, 4.337, 3.555,0.731,0.741,0.745,0.731,0.966, 1.980, 2.215, 2.445, 2.664, 2.870, 0.913, 1.635, 2.293, 2.800, 3.138
 60, 3.177, 3.227, 3.243, 3.332,0.870,0.848,0.837,1.000,0.795, 1.899, 2.042, 2.177, 2.304, 2.418, 2.719, 3.220, 3.568, 3.726, 3.730
 61,-0.354,-0.056, 0.087, 0.459,0.141,0.420,0.544,1.000,0.034, 0.307, 0.279, 0.249, 0.217, 0.184, 0.971, 0.908, 0.796, 0.654, 0.506
 62,-0.512,-0.127, 0.101, 0.493,0.000,0.348,0.538,1.000,0.000,-0.281,-0.314,-0.347,-0.378,-0.407, 0.992, 0.936, 0.829, 0.690, 0.545
 63,-0.512,-0.400,-0.398,-0.408,0.000,0.809,0.888,1.000,0.000, 0.276, 0.202, 0.125, 0.048,-0.031, 0.443, 0.210,-0.041,-0.274,-0.467
 64, 3.960, 4.095, 4.163, 3.544,0.994,0.983,0.979,0.994,0.964, 3.191, 3.363, 3.521, 3.663, 3.787, 2.051, 2.563, 2.959, 3.188, 3.274
 65, 0.977, 1.017, 1.036, 0.799,0.982,0.984,0.985,0.982,0.321, 1.203, 1.205, 1.201, 1.192, 1.176, 0.823, 0.816, 0.766, 0.684, 0.588
 66, 1.206, 1.198, 1.188, 1.010,0.986,0.955,0.938,0.986,0.370, 1.358, 1.373, 1.382, 1.384, 1.379, 0.920, 0.953, 0.937, 0.878, 0.795
 67,-0.279,-0.312,-0.326,-0.357,0.860,0.839,0.830,0.860,0.050, 0.471, 0.404, 0.334, 0.261, 0.187, 0.389, 0.168,-0.069,-0.286,-0.465
 68, 0.550, 0.634, 0.671, 0.407,0.848,0.900,0.921,0.848,0.229, 0.803, 0.787, 0.768, 0.744, 0.717, 0.539, 0.478, 0.391, 0.291, 0.193
 69, 3.356, 3.504, 3.575, 2.988,0.979,0.977,0.976,0.979,0.833, 2.478, 2.614, 2.740, 2.853, 2.953, 1.552, 1.957, 2.274, 2.462, 2.538
 70,-0.316,-0.248,-0.265,-0.391,0.559,0.822,0.803,0.559,0.042, 0.437, 0.373, 0.306, 0.237, 0.167, 0.352, 0.143,-0.081,-0.286,-0.455
 71, 2.772, 2.825, 2.849, 3.124,0.818,0.800,0.792,1.000,0.708, 1.650, 1.779, 1.902, 2.016, 2.121, 2.593, 3.052, 3.367, 3.503, 3.497
 72,-0.512,-0.339,-0.234, 0.256,0.000,0.224,0.345,1.000,0.000,-0.134,-0.178,-0.222,-0.266,-0.308, 0.848, 0.745, 0.600, 0.436, 0.279
 73,-0.171,-0.218,-0.237,-0.215,0.882,0.817,0.794,1.000,0.073, 0.519, 0.458, 0.394, 0.327, 0.258, 0.561, 0.365, 0.145,-0.067,-0.250
 74, 1.318, 1.442, 1.512, 2.400,0.567,0.587,0.600,1.000,0.394, 0.944, 1.026, 1.105, 1.178, 1.247, 2.153, 2.470, 2.669, 2.730, 2.685
 75,-0.480,-0.505,-0.521,-0.526,0.646,0.868,0.868,1.000,0.007, 0.387, 0.308, 0.226, 0.142, 0.057, 0.372, 0.116,-0.155,-0.399,-0.598
 76, 1.158, 1.192, 1.210, 1.183,0.876,0.870,0.868,1.000,0.360, 1.071, 1.091, 1.105, 1.114, 1.118, 1.412, 1.491, 1.495, 1.428, 1.319
 77, 1.148, 1.074, 1.031, 1.061,0.936,0.872,0.839,1.000,0.358, 1.148, 1.162, 1.170, 1.173, 1.170, 1.337, 1.392, 1.376, 1.297, 1.182
 78, 1.386, 1.451, 1.484, 1.176,0.843,0.846,0.849,0.843,0.409, 1.134, 1.171, 1.203, 1.229, 1.249, 0.686, 0.789, 0.853, 0.874, 0.859
 79,-0.163,-0.172,-0.176,-0.196,0.857,0.884,0.893,1.000,0.075, 0.518, 0.458, 0.395, 0.329, 0.261, 0.573, 0.381, 0.164,-0.047,-0.228
 80,-0.512,-0.381,-0.320,-0.175,0.000,0.373,0.535,1.000,0.000, 0.132, 0.069, 0.003,-0.063,-0.128, 0.585, 0.398, 0.184,-0.025,-0.205
 81, 4.565, 4.260, 4.100, 4.101,0.880,0.794,0.754,0.880,1.000, 2.503, 2.727, 2.943, 3.145, 3.333, 1.366, 2.049, 2.646, 3.080, 3.345
 82, 1.928, 1.915, 1.900, 1.832,0.935,0.899,0.880,1.000,0.526, 1.506, 1.565, 1.617, 1.662, 1.699, 1.807, 2.013, 2.120, 2.121, 2.047
 83, 1.077, 1.062, 1.042, 0.984,0.941,0.908,0.887,1.000,0.342, 1.124, 1.133, 1.138, 1.136, 1.129, 1.290, 1.330, 1.302, 1.215, 1.095
 84, 2.197, 2.319, 2.404, 1.922,0.563,0.567,0.575,0.563,0.584, 1.213, 1.375, 1.534, 1.686, 1.831, 0.459, 0.954, 1.415, 1.779, 2.029
 85,-0.512,-0.476,-0.484,-0.571,0.000,0.669,0.732,0.000,0.000, 0.317, 0.240, 0.160, 0.079,-0.003, 0.286, 0.035,-0.226,-0.458,-0.645
 86,-0.376,-0.328,-0.292,-0.446,0.348,0.541,0.654,0.348,0.029, 0.403, 0.341, 0.276, 0.209, 0.141, 0.322, 0.117,-0.100,-0.298,-0.460
 87, 0.917, 1.027, 1.089, 1.344,0.687,0.722,0.741,1.000,0.308, 0.869, 0.894, 0.916, 0.933, 0.946, 1.510, 1.620, 1.650, 1.600, 1.499
 88,-0.512,-0.291,-0.187,-0.571,0.000,0.166,0.238,0.000,0.000,-0.466,-0.486,-0.504,-0.520,-0.533,-0.486,-0.553,-0.594,-0.604,-0.593
 89, 1.600, 1.526, 1.514, 1.373,0.983,0.919,0.902,0.983,0.455, 1.555, 1.592, 1.623, 1.645, 1.659, 1.029, 1.130, 1.175, 1.163, 1.109
 90,-0.511,-0.448,-0.446,-0.570,0.005,0.728,0.844,0.005,0.000, 0.329, 0.254, 0.175, 0.095, 0.015, 0.292, 0.046,-0.210,-0.440,-0.624
 91,-0.488,-0.380,-0.342,-0.548,0.092,0.613,0.790,0.092,0.005, 0.347, 0.278, 0.206, 0.133, 0.059, 0.292, 0.066,-0.171,-0.383,-0.555
 92,-0.512,-0.448,-0.421,-0.571,0.000,0.135,0.188,0.000,0.000,-0.033,-0.085,-0.137,-0.189,-0.240,-0.059,-0.228,-0.390,-0.523,-0.622
 93, 3.527, 3.680, 3.734, 3.146,0.862,0.859,0.855,0.862,0.870, 2.026, 2.192, 2.350, 2.499, 2.635, 1.113, 1.615, 2.050, 2.359, 2.541
 94,-0.512,-0.471,-0.460,-0.571,0.000,0.023,0.030,0.000,0.000,-1.485,-1.431,-1.369,-1.299,-1.223,-1.490,-1.319,-1.073,-0.792,-0.526
 95, 1.533, 1.446, 1.433, 1.516,0.901,0.838,0.821,1.000,0.441, 1.262, 1.301, 1.335, 1.363, 1.384, 1.615, 1.759, 1.816, 1.784, 1.693
 96,-0.512,-0.212,-0.138,-0.094,0.000,0.621,0.771,1.000,0.000, 0.082, 0.022,-0.039,-0.101,-0.162, 0.635, 0.463, 0.262, 0.062,-0.114
 97, 2.195, 2.165, 2.159, 1.920,0.985,0.941,0.924,0.985,0.583, 1.911, 1.981, 2.044, 2.097, 2.139, 1.241, 1.445, 1.580, 1.632, 1.618
 98,-0.512,-0.392,-0.341,-0.571,0.000,0.224,0.313,0.000,0.000,-0.005,-0.059,-0.113,-0.168,-0.221,-0.032,-0.207,-0.377,-0.518,-0.624
 99,-0.512,-0.491,-0.458,-0.571,0.000,0.044,0.080,0.000,0.000,-0.339,-0.368,-0.396,-0.422,-0.447,-0.360,-0.457,-0.534,-0.580,-0.602
100, 1.424, 1.402, 1.387, 1.211,0.689,0.661,0.647,0.689,0.417, 1.045, 1.108, 1.167, 1.220, 1.268, 0.553, 0.738, 0.890, 0.990, 1.040
101, 0.518, 0.484, 0.486, 1.853,0.391,0.374,0.372,1.000,0.222, 0.615, 0.664, 0.711, 0.755, 0.795, 1.819, 2.030, 2.141, 2.144, 2.071
102,-0.512,-0.483,-0.448, 0.601,0.000,0.050,0.087,1.000,0.000,-0.347,-0.376,-0.403,-0.429,-0.453, 1.058, 1.022, 0.933, 0.806, 0.666
103,-0.512,-0.429,-0.395,-0.571,0.000,0.096,0.134,0.000,0.000,-0.303,-0.335,-0.366,-0.395,-0.423,-0.325,-0.431,-0.517,-0.573,-0.604
104,-0.512,-0.441,-0.441,-0.345,0.000,0.424,0.478,1.000,0.000, 0.237, 0.166, 0.092, 0.018,-0.057, 0.482, 0.261, 0.020,-0.206,-0.396
105,-0.512,-0.550,-0.559,-0.571,0.000,0.000,0.014,0.000,0.000, 0.102, 0.040,-0.023,-0.086,-0.149, 0.074,-0.127,-0.327,-0.498,-0.631
